id,한국명,영문명,직업,기존/신규,추천 장비,권장 옵션,검수 출처
akirastar,아키라,AkiraStar,궁수,기존 보존,악의 복수 (Wicked Vengeance) 세트 + 재앙 드래곤 (Cataclysm) 세트,"공격력%, 치명타율, 공격 속도, 치명타 피해","2026-09-17 북쪽 경계 왕좌 엔드게임 재검수: Fastidious.gg + Prospector.gg 중심, 영웅별 자료 교차검증"
alaura,엘로라,Alaura,궁수,기존 보존,악의 복수 (Wicked Vengeance) 세트 + 재앙 드래곤 (Cataclysm) 세트,"공격력%, 치명타율, 공격 속도, 치명타 피해","2026-09-17 엔드게임 기준 재정리: Fastidious.gg 중심, Prospector/HellHades 보조 교차검증"
apsan,에프사,Apsan,전사,v2.13.6 신규,악의 복수 (Wicked Vengeance) 세트 + 재앙 드래곤 (Cataclysm) 세트,"공격력%, 치명타율, 공격 속도, 치명타 피해",2026-09-17 관성의 화살(Star Piercers) 엔드게임 전수검수: Prospector.gg + Fastidious.gg + Watcher of Realms Wiki 교차검증
aracha,아라샤,Aracha,전사,v2.13.6 신규,악의 복수 (Wicked Vengeance) 세트 + 재앙 드래곤 (Cataclysm) 세트,"공격력%, 치명타율, 공격 속도, 치명타 피해",2026-09-17 관성의 화살(Star Piercers) 엔드게임 전수검수: Prospector.gg + Fastidious.gg + Watcher of Realms Wiki 교차검증
bayek,바예크,Bayek,궁수,기존 보존,악의 복수 (Wicked Vengeance) 세트 + 지옥 비명 (Hell's Lament) 세트,"공격력%, 치명타율, 공격 속도, 치명타 피해",2026-09-17 악몽 의회 엔드게임 전수검수: Fastidious.gg + Prospector.gg + WoR Wiki 빌드 교차검증
brienne,브레이니,Brienne,궁수,기존 보존,악의 복수 (Wicked Vengeance) 세트 + 마수의 포효 (Infernal Roar) 세트,"공격력%, 공격 속도, 치명타율, 치명타 피해","2026-09-17 엔드게임 기준 재정리: Fastidious.gg 중심, Prospector/HellHades 보조 교차검증"
calypso,칼립소,Calypso,궁수,v2.13.6 신규,악의 복수 (Wicked Vengeance) 세트 + 재앙 드래곤 (Cataclysm) 세트,"공격력%, 치명타율, 공격 속도, 치명타 피해",2026-09-17 관성의 화살(Star Piercers) 엔드게임 전수검수: Prospector.gg + Fastidious.gg + Watcher of Realms Wiki 교차검증
corven,코원,Corven,궁수,v2.13.6 신규,악의 복수 (Wicked Vengeance) 세트 + 지옥 비명 (Hell's Lament) 세트,"공격력%, 치명타율, 공격 속도, 치명타 피해",2026-09-17 관성의 화살(Star Piercers) 엔드게임 전수검수: Prospector.gg + Fastidious.gg + Watcher of Realms Wiki 교차검증
count-dracula,드라큘라,Count Dracula,전사,v2.13.6 신규,악의 복수 (Wicked Vengeance) 세트 + 지옥 비명 (Hell's Lament) 세트,"공격력%, 치명타율, 공격 속도, 치명타 피해",2026-09-17 관성의 화살(Star Piercers) 엔드게임 전수검수: Prospector.gg + Fastidious.gg + Watcher of Realms Wiki 교차검증
cutter,커터,cutter,궁수,v2.13.6 신규,악의 복수 (Wicked Vengeance) 세트 + 재앙 드래곤 (Cataclysm) 세트,"공격력%, 치명타율, 공격 속도, 치명타 피해",2026-09-17 관성의 화살(Star Piercers) 엔드게임 전수검수: Prospector.gg + Fastidious.gg + Watcher of Realms Wiki 교차검증
dr-van-helsing,반헬싱,Dr. Van Helsing,궁수,기존 보존,악의 복수 (Wicked Vengeance) 세트 + 재앙 드래곤 (Cataclysm) 세트,"공격력%, 치명타율, 공격 속도, 치명타 피해",2026-09-17 악몽 의회 엔드게임 전수검수: Fastidious.gg + Prospector.gg + WoR Wiki 빌드 교차검증
drogo,드로고,Drogo,궁수,v2.13.6 신규,악의 복수 (Wicked Vengeance) 세트 + 지옥 비명 (Hell's Lament) 세트,"공격력%, 치명타율, 공격 속도, 치명타 피해",2026-09-17 관성의 화살(Star Piercers) 엔드게임 전수검수: Prospector.gg + Fastidious.gg + Watcher of Realms Wiki 교차검증
eliza,일라샤,Eliza,궁수,v2.13.6 신규,악의 복수 (Wicked Vengeance) 세트 + 마수의 포효 (Infernal Roar) 세트,"공격력%, 공격 속도, 치명타율, 치명타 피해",2026-09-17 관성의 화살(Star Piercers) 엔드게임 전수검수: Prospector.gg + Fastidious.gg + Watcher of Realms Wiki 교차검증
erlang-shen,이랑신,Erlang Shen,수호자,v2.13.6 신규,악의 복수 (Wicked Vengeance) 세트 + 재앙 드래곤 (Cataclysm) 세트,"공격력%, 치명타율, 공격 속도, 치명타 피해",2026-09-17 관성의 화살(Star Piercers) 엔드게임 전수검수: Prospector.gg + Fastidious.gg + Watcher of Realms Wiki 교차검증
esme,에스미,Esme,궁수,v2.13.6 신규,악의 복수 (Wicked Vengeance) 세트 + 마수의 포효 (Infernal Roar) 세트,"공격력%, 공격 속도, 치명타율, 치명타 피해",2026-09-17 관성의 화살(Star Piercers) 엔드게임 전수검수: Prospector.gg + Fastidious.gg + Watcher of Realms Wiki 교차검증
evie-frye,이비 프라이,Evie Frye,궁수,v2.13.6 신규,악의 복수 (Wicked Vengeance) 세트 + 재앙 드래곤 (Cataclysm) 세트,"공격력%, 치명타율, 공격 속도, 치명타 피해",2026-09-17 관성의 화살(Star Piercers) 엔드게임 전수검수: Prospector.gg + Fastidious.gg + Watcher of Realms Wiki 교차검증
ezio-della-notte,어둠의 에지오,Ezio della Notte,전사,v2.13.6 신규,악의 복수 (Wicked Vengeance) 세트 + 지옥 비명 (Hell's Lament) 세트,"공격력%, 치명타율, 공격 속도, 치명타 피해",2026-09-17 관성의 화살(Star Piercers) 엔드게임 전수검수: Prospector.gg + Fastidious.gg + Watcher of Realms Wiki 교차검증
gu-shi,고결,Gu Shi,궁수,기존 보존,악의 복수 (Wicked Vengeance) 세트 + 재앙 드래곤 (Cataclysm) 세트,"공격력%, 치명타율, 공격 속도, 치명타 피해",2026-09-17 연옥(Infernal Blast) 엔드게임 전수검수: Fastidious.gg + Prospector.gg + Watcher of Realms Wiki 교차검증
hex,헥스,Hex,궁수,기존 보존,악의 복수 (Wicked Vengeance) 세트 + 재앙 드래곤 (Cataclysm) 세트,"공격력%, 치명타율, 공격 속도, 치명타 피해",2026-09-17 연옥(Infernal Blast) 엔드게임 전수검수: Fastidious.gg + Prospector.gg + Watcher of Realms Wiki 교차검증
idril,가드리엘,Idril,궁수,기존 보존,악의 복수 (Wicked Vengeance) 세트 + 마수의 포효 (Infernal Roar) 세트,"공격력%, 공격 속도, 치명타율, 치명타 피해","2026-09-17 엔드게임 기준 재정리: Fastidious.gg 중심, Prospector/HellHades 보조 교차검증"
iovar,이보엘,Iovar,궁수,v2.13.6 신규,악의 복수 (Wicked Vengeance) 세트 + 재앙 드래곤 (Cataclysm) 세트,"공격력%, 치명타율, 공격 속도, 치명타 피해",2026-09-17 관성의 화살(Star Piercers) 엔드게임 전수검수: Prospector.gg + Fastidious.gg + Watcher of Realms Wiki 교차검증
kai,켄,Kai,궁수,v2.13.6 신규,악의 복수 (Wicked Vengeance) 세트 + 재앙 드래곤 (Cataclysm) 세트,"공격력%, 치명타율, 공격 속도, 치명타 피해",2026-09-17 관성의 화살(Star Piercers) 엔드게임 전수검수: Prospector.gg + Fastidious.gg + Watcher of Realms Wiki 교차검증
lady-alexandra,알렉산드라부인,Lady Alexandra,궁수,v2.13.6 신규,악의 복수 (Wicked Vengeance) 세트 + 재앙 드래곤 (Cataclysm) 세트,"공격력%, 치명타율, 공격 속도, 치명타 피해",2026-09-17 관성의 화살(Star Piercers) 엔드게임 전수검수: Prospector.gg + Fastidious.gg + Watcher of Realms Wiki 교차검증
lady-mina,미나,Lady Mina,마법사,기존 보존,악의 복수 (Wicked Vengeance) 세트 + 재앙 드래곤 (Cataclysm) 세트,"공격력%, 치명타율, 공격 속도, 치명타 피해","2026-09-17 북쪽 경계 왕좌 엔드게임 재검수: Fastidious.gg + Prospector.gg 중심, 영웅별 자료 교차검증"
liam,리암,Liam,궁수,v2.13.6 신규,전쟁의 주인 (Warlord) 세트 + 영혼의 비밀 (Soulbound Arcana) 세트,"공격 속도, 분노 회복, HP%, 공격력%",2026-09-17 관성의 화살(Star Piercers) 엔드게임 전수검수: Prospector.gg + Fastidious.gg + Watcher of Realms Wiki 교차검증
lili,릴리,Lili,힐러,v2.13.6 신규,빛의 은혜 (Light's Grace) 세트 + 성스러운 날개 (Wings of Grace) 세트,"공격력%, 공격 속도, 치유 효과, 분노 회복",2026-09-17 관성의 화살(Star Piercers) 엔드게임 전수검수: Prospector.gg + Fastidious.gg + Watcher of Realms Wiki 교차검증
livian,리비안,Livian,수호자,기존 보존,성흔의 수호 (Astral Guardian) 세트 + 불멸의 의지 (Unshaken Will) 세트,"HP%, 방어력%, 공격 속도, 분노 회복","2026-09-17 엔드게임 기준 재정리: Fastidious.gg 중심, Prospector/HellHades 보조 교차검증"
luneria,루나레아,Luneria,궁수,v2.13.6 신규,악의 복수 (Wicked Vengeance) 세트 + 마수의 포효 (Infernal Roar) 세트,"공격력%, 공격 속도, 치명타율, 치명타 피해",2026-09-17 관성의 화살(Star Piercers) 엔드게임 전수검수: Prospector.gg + Fastidious.gg + Watcher of Realms Wiki 교차검증
morene,모레이나,Morene,궁수,기존 보존,전쟁의 주인 (Warlord) 세트 + 영혼의 비밀 (Soulbound Arcana) 세트,"공격력%, 치명타율, 공격 속도, 치명타 피해",2026-09-17 연옥(Infernal Blast) 엔드게임 전수검수: Fastidious.gg + Prospector.gg + Watcher of Realms Wiki 교차검증
nissandei,니상드,Nissandei,힐러,v2.13.6 신규,빛의 은혜 (Light's Grace) 세트 + 성스러운 날개 (Wings of Grace) 세트,"공격력%, 공격 속도, 치유 효과, 분노 회복",2026-09-17 관성의 화살(Star Piercers) 엔드게임 전수검수: Prospector.gg + Fastidious.gg + Watcher of Realms Wiki 교차검증
numera,누메라,Numera,전사,v2.13.6 신규,악의 복수 (Wicked Vengeance) 세트 + 재앙 드래곤 (Cataclysm) 세트,"공격력%, 치명타율, 공격 속도, 치명타 피해",2026-09-17 관성의 화살(Star Piercers) 엔드게임 전수검수: Prospector.gg + Fastidious.gg + Watcher of Realms Wiki 교차검증
nyx,닉스,Nyx,궁수,v2.13.6 신규,악의 복수 (Wicked Vengeance) 세트 + 재앙 드래곤 (Cataclysm) 세트,"공격력%, 치명타율, 공격 속도, 치명타 피해",2026-09-17 관성의 화살(Star Piercers) 엔드게임 전수검수: Prospector.gg + Fastidious.gg + Watcher of Realms Wiki 교차검증
pelagios,펠라기우스,Pelagios,궁수,v2.13.6 신규,악의 복수 (Wicked Vengeance) 세트 + 재앙 드래곤 (Cataclysm) 세트,"공격력%, 치명타율, 공격 속도, 치명타 피해",2026-09-17 관성의 화살(Star Piercers) 엔드게임 전수검수: Prospector.gg + Fastidious.gg + Watcher of Realms Wiki 교차검증
razaak,레자겔,Razaak,궁수,v2.13.6 신규,악의 복수 (Wicked Vengeance) 세트 + 재앙 드래곤 (Cataclysm) 세트,"공격력%, 치명타율, 공격 속도, 치명타 피해",2026-09-17 관성의 화살(Star Piercers) 엔드게임 전수검수: Prospector.gg + Fastidious.gg + Watcher of Realms Wiki 교차검증
ruen-hollow,루은호로,Ruen Hollow,궁수,v2.13.6 신규,악의 복수 (Wicked Vengeance) 세트 + 재앙 드래곤 (Cataclysm) 세트,"공격력%, 치명타율, 공격 속도, 치명타 피해",2026-09-17 관성의 화살(Star Piercers) 엔드게임 전수검수: Prospector.gg + Fastidious.gg + Watcher of Realms Wiki 교차검증
sargak,사가스,Sargak,궁수,v2.13.6 신규,악의 복수 (Wicked Vengeance) 세트 + 마수의 포효 (Infernal Roar) 세트,"공격력%, 공격 속도, 치명타율, 치명타 피해",2026-09-17 관성의 화살(Star Piercers) 엔드게임 전수검수: Prospector.gg + Fastidious.gg + Watcher of Realms Wiki 교차검증
silas,세라스,Silas,궁수,v2.13.6 신규,악의 복수 (Wicked Vengeance) 세트 + 지옥 비명 (Hell's Lament) 세트,"공격력%, 치명타율, 공격 속도, 치명타 피해",2026-09-17 관성의 화살(Star Piercers) 엔드게임 전수검수: Prospector.gg + Fastidious.gg + Watcher of Realms Wiki 교차검증
sythra,시슬라,Sythra,궁수,v2.13.6 신규,악의 복수 (Wicked Vengeance) 세트 + 마수의 포효 (Infernal Roar) 세트,"공격력%, 공격 속도, 치명타율, 치명타 피해",2026-09-17 관성의 화살(Star Piercers) 엔드게임 전수검수: Prospector.gg + Fastidious.gg + Watcher of Realms Wiki 교차검증
talin,타린,Talin,궁수,기존 보존,악의 복수 (Wicked Vengeance) 세트 + 마수의 포효 (Infernal Roar) 세트,"공격 속도, 치명타율, 치명타 피해, HP%","2026-09-17 엔드게임 기준 재정리: Fastidious.gg 중심, Prospector/HellHades 보조 교차검증"
talula,타롤라,Talula,힐러,v2.13.6 신규,빛의 은혜 (Light's Grace) 세트 + 성스러운 날개 (Wings of Grace) 세트,"치유 효과, 공격 속도, 공격력%, 분노 회복",2026-09-17 관성의 화살(Star Piercers) 엔드게임 전수검수: Prospector.gg + Fastidious.gg + Watcher of Realms Wiki 교차검증
tazira,타즈라,Tazira,궁수,v2.13.6 신규,악의 복수 (Wicked Vengeance) 세트 + 마수의 포효 (Infernal Roar) 세트,"공격력%, 공격 속도, 치명타율, 치명타 피해",2026-09-17 관성의 화살(Star Piercers) 엔드게임 전수검수: Prospector.gg + Fastidious.gg + Watcher of Realms Wiki 교차검증
theowin,디오웬,Theowin,궁수,v2.13.6 신규,악의 복수 (Wicked Vengeance) 세트 + 재앙 드래곤 (Cataclysm) 세트,"공격력%, 치명타율, 공격 속도, 치명타 피해",2026-09-17 관성의 화살(Star Piercers) 엔드게임 전수검수: Prospector.gg + Fastidious.gg + Watcher of Realms Wiki 교차검증
vargus,바르가스,Vargus,궁수,v2.13.6 신규,악의 복수 (Wicked Vengeance) 세트 + 마수의 포효 (Infernal Roar) 세트,"공격력%, 공격 속도, 치명타율, 치명타 피해",2026-09-17 관성의 화살(Star Piercers) 엔드게임 전수검수: Prospector.gg + Fastidious.gg + Watcher of Realms Wiki 교차검증
vera,베라,Vera,궁수,v2.13.6 신규,악의 복수 (Wicked Vengeance) 세트 + 지옥 비명 (Hell's Lament) 세트,"공격력%, 치명타율, 공격 속도, 치명타 피해",2026-09-17 관성의 화살(Star Piercers) 엔드게임 전수검수: Prospector.gg + Fastidious.gg + Watcher of Realms Wiki 교차검증
vorn,페르네,Vorn,궁수,v2.13.6 신규,악의 복수 (Wicked Vengeance) 세트 + 지옥 비명 (Hell's Lament) 세트,"공격력%, 치명타율, 공격 속도, 치명타 피해",2026-09-17 관성의 화살(Star Piercers) 엔드게임 전수검수: Prospector.gg + Fastidious.gg + Watcher of Realms Wiki 교차검증
yuri,유리,Yuri,궁수,기존 보존,악의 복수 (Wicked Vengeance) 세트 + 재앙 드래곤 (Cataclysm) 세트,"공격력%, 치명타율, 공격 속도, 치명타 피해",2026-09-17 악몽 의회 엔드게임 전수검수: Fastidious.gg + Prospector.gg + WoR Wiki 빌드 교차검증
